Title,Media URL,Pinterest board,Thumbnail,Description,Link,Publish date,Keywords
Hotel Bedroom on an Amazon Budget,https://linenandform.vercel.app/videos/01-hotel-bedroom.mp4,Bedroom Upgrades,00:02,"Get a hotel-style bed for less: a washed-cotton duvet cover with a linen look, matching ceramic lamps and a cotton waffle throw. This pin links to the duvet cover on Amazon. Room imagery is AI-generated. #affiliate As an Amazon Associate I earn from qualifying purchases.",https://www.amazon.com/dp/B07QK9CTXR?tag=linenandform-20,2026-10-09T16:00:00,"hotel bedroom, amazon bedding, bedroom decor, neutral bedroom"
Lighting That Looks Expensive,https://linenandform.vercel.app/videos/02-lighting-high-end.mp4,Lighting Ideas,00:02,"Three Amazon lighting finds that look high-end: a ribbed ceramic table lamp, a linen-shade floor lamp and plug-in sconces. This pin links to the ribbed ceramic lamp. Room imagery is AI-generated. #affiliate As an Amazon Associate I earn from qualifying purchases.",https://www.amazon.com/dp/B0CPYCDMCR?tag=linenandform-20,2026-10-09T20:00:00,"amazon lighting, table lamp, cozy lighting, home decor"
3 Amazon Finds That Make a Home Look Expensive,https://linenandform.vercel.app/videos/03-home-look-expensive.mp4,Expensive-Looking Home Finds,00:02,"Linen-textured curtains, a distressed ceramic jar lamp and a real travertine tray. This pin links to the ceramic jar lamp on Amazon. Room imagery is AI-generated. #affiliate As an Amazon Associate I earn from qualifying purchases.",https://www.amazon.com/dp/B0CSF1Z47R?tag=linenandform-20,2026-10-10T00:00:00,"amazon home finds, look expensive, home decor, organic modern"
Make a Rental Look High-End,https://linenandform.vercel.app/videos/04-rental-high-end.mp4,Expensive-Looking Home Finds,00:02,"Renter-friendly upgrades: linen-look blackout curtains hung high, plug-in sconces and a stone tray. This pin links to the curtains on Amazon. Room imagery is AI-generated. #affiliate As an Amazon Associate I earn from qualifying purchases.",https://www.amazon.com/dp/B0CRTM5ZDN?tag=linenandform-20,2026-10-10T03:00:00,"rental decor, apartment decor, renter friendly, amazon curtains"
Small Apartment Storage That Looks Good,https://linenandform.vercel.app/videos/05-small-apartment.mp4,Small Apartment Organization,00:02,"An expandable under-sink shelf, a clear makeup organizer and plug-in sconces that free up space. This pin links to the under-sink shelf on Amazon. Room imagery is AI-generated. #affiliate As an Amazon Associate I earn from qualifying purchases.",https://www.amazon.com/dp/B0CWRHMNLJ?tag=linenandform-20,2026-10-10T16:00:00,"small apartment, organization, under sink storage, amazon finds"
A Calmer Vanity in 2 Steps,https://linenandform.vercel.app/videos/06-vanity.mp4,Vanity & Beauty Organization,00:02,A clear 3-tier makeup organizer with drawers plus a tray for daily products. This pin links to the makeup organizer on Amazon. Room imagery is AI-generated. #affiliate As an Amazon Associate I earn from qualifying purchases.,https://www.amazon.com/dp/B0D3KNHBZV?tag=linenandform-20,2026-10-10T20:00:00,"vanity organization, makeup organizer, bathroom organization"
One Swap for a Styled Kitchen Counter,https://linenandform.vercel.app/videos/07-styled-kitchen.mp4,Kitchen Upgrades,00:02,"An acacia wood cutting board leaned against the backsplash makes a kitchen look styled, and it doubles as a cheese board. This pin links to the board on Amazon. Room imagery is AI-generated. #affiliate As an Amazon Associate I earn from qualifying purchases.",https://www.amazon.com/dp/B0B1VZHCFS?tag=linenandform-20,2026-10-11T00:00:00,"kitchen decor, cutting board, kitchen styling, amazon kitchen"
"Neutral Living Room, Warmer",https://linenandform.vercel.app/videos/08-neutral-living.mp4,Neutral Living Room,00:02,"A big 8x10 beige rug, a linen-shade floor lamp and a ceramic jar lamp warm up a neutral room. This pin links to the area rug on Amazon. Room imagery is AI-generated. #affiliate As an Amazon Associate I earn from qualifying purchases.",https://www.amazon.com/dp/B0DJ22J2CT?tag=linenandform-20,2026-10-11T03:00:00,"neutral living room, area rug, living room decor, amazon rug"
"Warm Light, No Electrician Needed",https://linenandform.vercel.app/videos/09-no-electrician.mp4,Lighting Ideas,00:02,"Plug-in wall sconces, a linen-shade floor lamp and warm 2700K bulbs. Renter-friendly lighting. This pin links to the sconces on Amazon. Room imagery is AI-generated. #affiliate As an Amazon Associate I earn from qualifying purchases.",https://www.amazon.com/dp/B094NCLJ3T?tag=linenandform-20,2026-10-11T16:00:00,"wall sconces, renter friendly lighting, bedroom lighting"
Cozy Fall Bedroom Refresh,https://linenandform.vercel.app/videos/10-cozy-fall-bedroom.mp4,Bedroom Upgrades,00:02,"A cotton waffle throw, matching bedside lamps and blackout linen-look curtains for a cozy fall bedroom. This pin links to the waffle throw on Amazon. Room imagery is AI-generated. #affiliate As an Amazon Associate I earn from qualifying purchases.",https://www.amazon.com/dp/B09VYXT3ZC?tag=linenandform-20,2026-10-11T20:00:00,"fall bedroom, cozy bedroom, fall decor, throw blanket"
